project_id,source_role,page_number,page_type,width_px,height_px
P01,arch,4,site,2481,1754
P01,arch,7,floor_ground,2481,1754
P01,arch,8,roof,2481,1754
P01,arch,11,elevation,2481,1754
P01,struct,2,foundation_struct,2480,1755
P01,struct,6,framing_struct,2480,1755
P01,struct,7,bracing_struct,2480,1755
P02,arch,3,site,2658,1949
P02,arch,6,floor_ground,2658,1949
P02,arch,8,roof,2658,1949
P02,arch,9,elevation,2658,1949
P02,arch,11,section,2658,1949
P02,struct,2,foundation_struct,2482,1755
P02,struct,4,bracing_struct,2482,1755
P03,arch,5,site,2481,1754
P03,arch,9,floor_ground,2481,1754
P03,arch,10,roof,2481,1754
P03,arch,11,elevation,2481,1754
P03,arch,13,section,2481,1754
P03,struct,3,foundation_struct,2482,1755
P03,struct,4,bracing_struct,2482,1755
P03,struct,5,foundation_detail,2482,1755
P04,arch,3,site,2482,1755
P04,arch,7,floor_ground,2482,1755
P04,arch,8,roof,2482,1755
P04,arch,10,elevation,2482,1755
P04,struct,3,foundation_struct,2482,1755
P04,struct,4,bracing_struct,2482,1755
P04,struct,5,foundation_detail,2482,1755
P05,arch,5,site,2481,1754
P05,arch,6,floor_ground,2481,1754
P05,arch,8,elevation,2481,1754
P05,arch,10,section,2481,1754
P05,arch,11,roof_framing,2481,1754
P05,struct,3,foundation_struct,2482,1755
P05,struct,4,foundation_detail,2482,1755
P06,arch,3,site,2658,1949
P06,arch,8,floor_ground_lot3,2658,1949
P06,arch,9,floor_upper_lot3,2658,1949
P06,arch,12,roof_lot3,2658,1949
P06,arch,22,floor_ground_lot1_2,2658,1949
P06,arch,23,floor_upper_lot1_2,2658,1949
P06,arch,26,roof_lot1_2,2658,1949
P06,arch,14,elevation_lot3,2658,1949
P06,struct,2,framing_struct_ground,2482,1755
P06,struct,4,bracing_ground,2482,1755
P06,struct,5,bracing_upper,2482,1755
P06,struct,6,foundation_detail,2482,1755
P07,arch,4,site,2481,1754
P07,arch,8,floor_ground,2481,1754
P07,arch,9,floor_upper,2481,1754
P07,arch,11,elevation_1,2481,1754
P07,arch,13,elevation_2,2481,1754
P07,arch,20,roof_framing,2481,1754
P07,struct,3,foundation_struct,2482,1755
P07,struct,4,framing_struct_upper,2482,1755
P07,struct,7,foundation_detail,2482,1755
P08,arch,5,site,2481,1754
P08,arch,6,floor_ground,2481,1754
P08,arch,7,elevation,2481,1754
P08,arch,8,section_elevation,2481,1754
P08,arch,9,roof_foundation_arch,2481,1754
P08,struct,25,foundation_struct,2482,1755
P08,struct,26,bracing_struct,2482,1755
P08,framing,1,framing_struct,2481,1754
P09,arch,2,site,2481,1754
P09,arch,4,floor_ground_A,2481,1754
P09,arch,5,floor_upper_A,2481,1754
P09,arch,6,roof_A,2481,1754
P09,arch,14,floor_ground_BC,2481,1754
P09,arch,15,floor_upper_BC,2481,1754
P09,arch,16,roof_BC,2481,1754
P09,struct,2,framing_struct_A,1755,1240
P09,struct,3,foundation_struct_A,1755,1240
P09,struct,6,framing_struct_BC,1755,1240
P09,struct,7,foundation_struct_BC,1755,1240
P10,arch,4,site,2481,1754
P10,arch,8,floor_ground,2481,1754
P10,arch,9,roof,2481,1754
P10,arch,10,elevation_1,2481,1754
P10,arch,11,elevation_2,2481,1754
P10,arch,12,section,2481,1754
P10,struct,2,foundation_struct,2482,1755
P10,struct,3,roof_framing_struct,2482,1755
P10,struct,4,bracing_struct,2482,1755
P11,arch,5,site,2481,1754
P11,arch,11,floor_ground,2481,1754
P11,arch,12,roof,2481,1754
P11,arch,13,roof_framing,2481,1754
P11,arch,14,elevation_1,2481,1754
P11,arch,15,elevation_2,2481,1754
P11,arch,16,section,2481,1754
P11,struct,3,foundation_struct,2480,1755
P11,struct,4,framing_struct,2480,1755
P11,struct,5,bracing_struct,2480,1755
